File,Second,Minute,Delta_%,Theta_%,Alpha_%,Beta_%,Gamma_%
ceo-20260926-004255,1,0.02,52.14,12.56,7.67,22.51,5.12
ceo-20260926-004255,2,0.03,31.81,7.34,9.42,42.87,8.56
ceo-20260926-004255,3,0.05,21.74,5.49,7.81,57.33,7.63
ceo-20260926-004255,4,0.07,39.7,9.13,8.99,38.4,3.77
ceo-20260926-004255,5,0.08,32.27,10.58,5.85,40.87,10.43
ceo-20260926-004255,6,0.1,34.55,14.03,5.52,36.31,9.58
ceo-20260926-004255,7,0.12,56.38,16.38,4.61,19.32,3.31
ceo-20260926-004255,8,0.13,50.45,18.99,5.76,19.9,4.9
ceo-20260926-004255,9,0.15,21.13,10.58,7.62,44.33,16.34
ceo-20260926-004255,10,0.17,42.57,26.22,4.56,21.31,5.35
ceo-20260926-004255,11,0.18,29.68,20.49,9.93,35.59,4.31
ceo-20260926-004255,12,0.2,47.59,14.1,6.16,25.53,6.62
ceo-20260926-004255,13,0.22,37.98,17.61,7.93,29.4,7.08
ceo-20260926-004255,14,0.23,51.67,19.18,4.31,20.36,4.49
ceo-20260926-004255,15,0.25,79.6,10.98,1.61,6.05,1.76
ceo-20260926-004255,16,0.27,78.95,8.8,2.58,6.93,2.73
ceo-20260926-004255,17,0.28,40.27,12.35,3.01,27.68,16.69
ceo-20260926-004255,18,0.3,37.54,9.38,4.83,29.9,18.35
ceo-20260926-004255,19,0.32,59.4,1.23,2.79,24.16,12.41
ceo-20260926-004255,20,0.33,91.99,3.85,0.38,2.22,1.57
ceo-20260926-004255,21,0.35,90.26,2.96,0.38,2.4,3.99
ceo-20260926-004255,22,0.37,64.97,8.75,2.88,11.78,11.63
ceo-20260926-004255,23,0.38,53.46,6.97,2.36,15.59,21.62
ceo-20260926-004255,24,0.4,27.33,4.44,2.77,43.36,22.1
ceo-20260926-004255,25,0.42,20.67,8.11,5.7,46.84,18.68
ceo-20260926-004255,26,0.43,16.71,5.36,1.94,42.89,33.1
ceo-20260926-004255,27,0.45,49.72,5.61,1.5,24.26,18.91
ceo-20260926-004255,28,0.47,65.24,7.5,1.75,16.45,9.06
ceo-20260926-004255,29,0.48,56.89,8.25,3.98,18.95,11.93
ceo-20260926-004255,30,0.5,64.27,13.76,3.21,13.77,5.0
ceo-20260926-004255,31,0.52,89.76,5.28,1.51,2.68,0.77
ceo-20260926-004255,32,0.53,79.97,15.29,1.18,2.34,1.22
ceo-20260926-004255,33,0.55,79.65,14.81,1.24,3.02,1.29
ceo-20260926-004255,34,0.57,58.03,16.38,6.98,12.7,5.91
ceo-20260926-004255,35,0.58,58.59,18.1,9.43,8.68,5.19
ceo-20260926-004255,36,0.6,31.86,18.4,14.62,24.64,10.47
ceo-20260926-004255,37,0.62,42.28,12.3,7.28,30.14,7.99
ceo-20260926-004255,38,0.63,31.08,19.84,11.6,28.54,8.94
ceo-20260926-004255,39,0.65,7.72,20.23,18.39,36.4,17.25
ceo-20260926-004255,40,0.67,26.37,21.07,15.97,26.87,9.72
ceo-20260926-004255,41,0.68,21.7,14.66,18.51,30.96,14.17
ceo-20260926-004255,42,0.7,16.25,22.13,10.62,34.66,16.34
ceo-20260926-004255,43,0.72,19.24,19.87,13.08,33.58,14.23
ceo-20260926-004255,44,0.73,14.62,33.8,11.89,31.37,8.32
ceo-20260926-004255,45,0.75,23.03,20.88,10.71,37.66,7.72
ceo-20260926-004255,46,0.77,26.49,16.32,8.91,33.72,14.55
ceo-20260926-004255,47,0.78,83.0,9.84,2.89,3.07,1.2
ceo-20260926-004255,48,0.8,82.0,10.06,2.72,3.79,1.44
ceo-20260926-004255,49,0.82,91.15,4.81,1.05,2.16,0.83
ceo-20260926-004255,50,0.83,89.9,6.36,1.6,1.47,0.68
ceo-20260926-004255,51,0.85,58.04,22.27,8.67,8.46,2.57
ceo-20260926-004255,52,0.87,57.63,12.1,7.8,18.59,3.88
ceo-20260926-004255,53,0.88,86.55,5.36,2.19,4.18,1.73
ceo-20260926-004255,54,0.9,77.72,12.09,3.08,4.65,2.46
ceo-20260926-004255,55,0.92,78.31,13.6,3.3,3.31,1.48
ceo-20260926-004255,56,0.93,71.86,9.87,3.85,11.02,3.4
ceo-20260926-004255,57,0.95,46.48,9.27,5.92,26.95,11.38
ceo-20260926-004255,58,0.97,48.32,19.74,2.1,18.16,11.68
ceo-20260926-004255,59,0.98,33.79,9.39,6.11,33.09,17.62
ceo-20260926-004255,60,1.0,28.48,8.22,11.28,30.92,21.09
ceo-20260926-004255,61,1.02,53.3,35.32,3.21,5.04,3.13
ceo-20260926-004255,62,1.03,55.04,34.59,3.8,5.44,1.13
ceo-20260926-004255,63,1.05,42.25,30.26,7.28,14.86,5.34
ceo-20260926-004255,64,1.07,60.45,24.46,3.31,8.32,3.46
ceo-20260926-004255,65,1.08,56.98,21.1,4.04,13.21,4.68
ceo-20260926-004255,66,1.1,26.23,14.12,10.79,33.5,15.36
ceo-20260926-004255,67,1.12,11.11,13.55,12.12,49.47,13.75
ceo-20260926-004255,68,1.13,80.35,15.5,1.16,2.21,0.78
ceo-20260926-004255,69,1.15,79.26,8.83,1.98,6.09,3.85
ceo-20260926-004255,70,1.17,9.14,4.37,9.05,49.85,27.58
ceo-20260926-004255,71,1.18,44.43,12.44,2.67,31.0,9.46
ceo-20260926-004255,72,1.2,71.13,21.0,2.78,3.29,1.8
ceo-20260926-004255,73,1.22,30.98,28.49,16.45,18.08,5.99
ceo-20260926-004255,74,1.23,61.92,19.69,4.99,10.25,3.15
ceo-20260926-004255,75,1.25,63.14,9.48,5.17,15.1,7.1
ceo-20260926-004255,76,1.27,80.07,12.26,1.72,4.63,1.32
ceo-20260926-004255,77,1.28,79.48,11.95,1.48,5.3,1.79
ceo-20260926-004255,78,1.3,31.86,17.01,8.02,34.82,8.28
ceo-20260926-004255,79,1.32,44.38,13.46,7.69,26.38,8.08
ceo-20260926-004255,80,1.33,63.26,9.34,8.06,15.41,3.93
ceo-20260926-004255,81,1.35,77.59,8.35,4.64,6.46,2.95
ceo-20260926-004255,82,1.37,16.35,18.57,14.04,35.19,15.85
ceo-20260926-004255,83,1.38,83.34,5.69,4.87,4.45,1.65
ceo-20260926-004255,84,1.4,88.1,4.38,3.06,3.18,1.27
ceo-20260926-004255,85,1.42,59.92,4.08,4.53,16.96,14.51
ceo-20260926-004255,86,1.43,48.67,13.01,10.56,18.0,9.75
ceo-20260926-004255,87,1.45,43.91,27.24,8.07,16.24,4.55
ceo-20260926-004255,88,1.47,76.19,12.91,1.37,7.19,2.34
ceo-20260926-004255,89,1.48,58.01,13.15,3.63,18.49,6.72
ceo-20260926-004255,90,1.5,57.23,13.5,5.17,15.85,8.24
ceo-20260926-004255,91,1.52,70.1,8.06,3.16,11.75,6.93
ceo-20260926-004255,92,1.53,96.64,1.98,0.22,0.75,0.4
ceo-20260926-004255,93,1.55,93.84,3.47,0.57,1.41,0.71
ceo-20260926-004255,94,1.57,87.39,7.19,1.21,2.51,1.71
ceo-20260926-004255,95,1.58,81.27,9.61,2.69,4.92,1.51
ceo-20260926-004255,96,1.6,65.39,4.28,1.46,21.22,7.65
ceo-20260926-004255,97,1.62,70.31,3.64,1.05,17.1,7.9
ceo-20260926-004255,98,1.63,76.6,13.17,3.04,5.32,1.87
ceo-20260926-004255,99,1.65,76.32,13.69,2.62,5.2,2.17
ceo-20260926-004255,100,1.67,52.19,14.92,9.1,9.74,14.05
ceo-20260926-004255,101,1.68,51.3,5.26,5.21,8.74,29.49
ceo-20260926-004255,102,1.7,58.47,12.93,7.33,16.05,5.22
ceo-20260926-004255,103,1.72,37.09,11.84,6.67,32.66,11.75
ceo-20260926-004255,104,1.73,17.84,19.15,12.18,36.98,13.85
ceo-20260926-004255,105,1.75,88.62,4.36,1.34,3.92,1.75
ceo-20260926-004255,106,1.77,56.65,18.34,6.01,13.92,5.07
ceo-20260926-004255,107,1.78,79.45,14.41,1.92,2.76,1.46
ceo-20260926-004255,108,1.8,74.46,14.27,2.42,7.02,1.83
ceo-20260926-004255,109,1.82,71.8,11.18,2.69,9.72,4.61
ceo-20260926-004255,110,1.83,47.7,12.48,9.94,17.21,12.67
ceo-20260926-004255,111,1.85,61.2,24.44,7.79,4.74,1.83
ceo-20260926-004255,112,1.87,53.42,18.32,8.2,13.02,7.03
ceo-20260926-004255,113,1.88,20.63,9.04,8.04,42.42,19.87
ceo-20260926-004255,114,1.9,40.36,6.5,4.5,34.99,13.65
ceo-20260926-004255,115,1.92,83.97,5.29,1.87,5.49,3.37
ceo-20260926-004255,116,1.93,85.48,3.17,2.51,5.55,3.3
ceo-20260926-004255,117,1.95,19.08,27.59,9.47,25.66,18.2
ceo-20260926-004255,118,1.97,82.19,10.27,1.17,4.3,2.08
ceo-20260926-004255,119,1.98,84.42,9.13,1.08,3.78,1.59
ceo-20260926-004255,120,2.0,44.71,10.08,3.83,29.64,11.73
ceo-20260926-004255,121,2.02,47.16,11.66,5.07,25.28,10.84
ceo-20260926-004255,122,2.03,67.46,8.11,3.58,14.56,6.3
ceo-20260926-004255,123,2.05,42.52,12.3,9.89,25.23,10.06
ceo-20260926-004255,124,2.07,27.54,17.69,13.14,33.55,8.08
