Counter,Channel1
206,0.11550926799296612
207,0.013867956672007298
208,0.13047322919092386
209,0.15969465117970627
210,0.024265826092725762
211,0.07799226214516242
212,0.1795890846282796
213,0.06274336869210745
214,0.03309089757017575
215,0.16787517079736802
216,0.11394191259635056
217,0.011889202690303524
218,0.1277320235825038
219,0.1571660214655065
220,0.022392411635966947
221,0.07544032242725163
222,0.17655491790662503
223,0.060287191597348355
224,0.031185056676477974
225,0.16627934214532192
226,0.11238659298621023
227,0.010477808297158997
228,0.1264184173793481
229,0.15492070926505302
230,0.019484002210849005
231,0.07334812507227817
232,0.17520070880581418
233,0.058933605656173615
234,0.02949395966649726
235,0.16421496125367785
236,0.11032606269253609
237,0.008829009316392189
238,0.12580442962659233
239,0.15527240554562388
240,0.018694920151458905
241,0.07116935788011025
242,0.17393867747657266
243,0.05836530028197595
244,0.02839769741953424
245,0.16263575373744416
246,0.10850353793536605
247,0.006426880498187348
248,0.12241206055892134
249,0.1514486356207697
250,0.01616520466121485
251,0.07013325416852068
252,0.1719832867719978
253,0.055390589189202366
254,0.02584794743761476
255,0.16062126655237852
0,0.10738502404638489
1,0.006521583262323494
2,0.12254213041380346
3,0.15073834197875868
4,0.015195584257428063
5,0.07000135139690211
6,0.17293983910718946
7,0.055692177342614946
8,0.02461950713933203
9,0.1587837551778335
10,0.1050322556122889
11,0.0038481181236365014
12,0.12075053571746946
13,0.14996852274788752
14,0.015212230390632908
15,0.06967659645785562
16,0.17095585436867589
17,0.05342406264880528
18,0.0232126993362492
19,0.15778768443504965
20,0.10406589875278272
21,0.00249291592594042
22,0.11884310063612341
23,0.1477682941414129
24,0.011840521843513807
25,0.06563894487133137
26,0.16862884167951564
27,0.05224985013953798
28,0.021660865487128922
29,0.15592258959232808
30,0.10218215678029813
31,0.0012146176296377043
32,0.11927929613123145
33,0.15017592609314373
34,0.01541706444751556
35,0.06792607243171067
36,0.16735013357632822
37,0.04937208755592892
38,0.019829545740392474
39,0.15504990187443624
40,0.10134421359705426
41,0.0000855907936777589
42,0.11699368682682815
43,0.14539369758404236
44,0.00966345060071716
45,0.06371186706451837
46,0.1648285571505047
47,0.0478271179620387
48,0.018674430477436277
49,0.15380249742046326
50,0.09984822415764749
51,-0.0024477003736556036
52,0.11265247617409224
53,0.1402055918999085
54,0.004121840108007202
55,0.05856348391155186
56,0.1620565688146921
57,0.04670731952970458
58,0.017261503017399316
59,0.15183795700988223
60,0.09778383976987404
61,-0.004460013517673556
62,0.11086934163485951
63,0.13937206020437598
64,0.004712291162871973
65,0.06014498491287534
66,0.1630689683693104
67,0.04596453577299031
68,0.015342877647221087
69,0.1498409757882404
70,0.09618565040642041
71,-0.00453327636407741
72,0.11280936731569213
73,0.141129375699925
74,0.0046867607249674315
75,0.057929005624653085
76,0.1592229860976041
77,0.042858945515031
78,0.01384085647651323
79,0.1487605741105226
80,0.09474087890295635
81,-0.007903019779248066
82,0.10747432942759516
83,0.13688247903667466
84,0.001978047546600914
85,0.05639930555163197
86,0.15925810862808554
87,0.04261640256174892
88,0.012260770733904414
89,0.1467553273509015
90,0.09305076534101209
91,-0.008295944018677837
92,0.10819084977780768
93,0.13732029744652097
94,0.0024575993243811656
95,0.055712798959498544
96,0.15607652218800971
97,0.03928187058682736
98,0.010335522967838573
99,0.14551066123902945
100,0.09174857167373912
101,-0.009774153372924088
102,0.10627178108580643
103,0.13427265347452877
104,-0.0012615361712595696
105,0.05375809771598061
106,0.1569450511575743
107,0.040373308055587975
108,0.009679331927115065
109,0.14380019855742068
110,0.08999264682779967
111,-0.01178818387800784
112,0.10497233592518368
113,0.13542334029356984
114,0.00020566032063706885
115,0.05340097123385357
116,0.15544679186879173
117,0.03845865617911237
118,0.00793453978240699
119,0.1426545123336797
120,0.08927810853105966
121,-0.011999856734996983
122,0.10437172075622947
123,0.13351770110820116
124,-0.0007001092795231312
125,0.054173696885163714
126,0.15553331849193752
127,0.03730600661369432
128,0.006481100101129289
129,0.14126912055976726
130,0.08784004761953473
131,-0.012917778392923185
132,0.10475742804129057
133,0.13419421236288587
134,-0.002272882028972023
135,0.04938884427497692
136,0.1500295982136325
137,0.034058247907242434
138,0.00537472300740266
139,0.14056686701789375
140,0.08661309704378217
141,-0.014307479429005454
142,0.10427943887500174
143,0.13406606298256935
144,-0.003215140094611213
145,0.04854179700669203
146,0.14985361469503422
147,0.033829723596488726
148,0.004762359631918289
149,0.1395611293427439
150,0.08519314230515407
151,-0.01769037810393348
152,0.0969516918533927
153,0.12561124706992854
154,-0.008216936010423836
155,0.047575636039530744
156,0.15084214090413528
157,0.03404138284556135
158,0.003360906156923027
159,0.13771617760904625
160,0.08372627767076407
161,-0.018921810247666315
162,0.09648913569908901
163,0.1275117052137041
164,-0.005114072935195724
165,0.0479197117889959
166,0.14754372109407587
167,0.030479568138201796
168,0.0015961786322309934
169,0.1369521830855742
170,0.08300429433012169
171,-0.01943662113485989
172,0.09614410640819215
173,0.12472954837657016
174,-0.011456217404371638
175,0.04163386036152128
176,0.14402360972699724
177,0.028818801794659454
178,0.00019945619925315627
179,0.13526118767990766
180,0.08119015050875783
181,-0.020890445363234034
182,0.0953997096810309
183,0.12475736454476535
184,-0.010765718679597414
185,0.04315365078148414
186,0.1461325811608617
187,0.02967044924230683
188,-0.0008261381741203055
189,0.13361280232406905
190,0.0796963157921956
191,-0.021723320291034076
192,0.09434473384772535
193,0.12159868076276692
194,-0.014083712771878698
195,0.041066045928322414
196,0.14293096595479604
197,0.026111305235435978
198,-0.003026237802295717
199,0.13212941219423763
200,0.07829416491822039
201,-0.023162982042006508
202,0.09405603476851643
203,0.12295235234013954
204,-0.013796994771286597
205,0.04003740488690988
206,0.14309622377841968
207,0.026593047303044348
208,-0.0037177659686759568
209,0.13073886226866024
210,0.07685998785514819
211,-0.025308710138269408
212,0.09101966471583145
213,0.12214868033385223
214,-0.011971623864356351
215,0.04059005612521893
216,0.14157594727149003
217,0.02479306440943957
218,-0.00498210837563956
219,0.12996270451022846
220,0.07602344643304149
221,-0.02539206149489215
222,0.09172309848970656
223,0.12019727909582553
224,-0.01643826639322643
225,0.03676320075752548
226,0.13838666373084696
227,0.022323431427740625
228,-0.00647045230796417
229,0.12857688994863437
230,0.07443302986422556
231,-0.02790081832507696
232,0.08797055180959734
233,0.11710434648548657
234,-0.017906008388409833
235,0.03664002717398884
236,0.13941754477987822
237,0.022774996815194348
238,-0.00750423460139743
239,0.12699662657869812
240,0.07300814732383754
241,-0.028956986102560645
242,0.08725891408567688
243,0.11619259896417938
244,-0.019732240319372818
245,0.03359142616345778
246,0.13576097033740075
247,0.01996822549808941
248,-0.009147523334190777
249,0.12569563025514707
250,0.0716265405794565
251,-0.03005753241816045
252,0.08732077481829792
253,0.11816577176193938
254,-0.016878085889535432
255,0.03533207435232488
0,0.1362569162777575
1,0.019679947933410546
2,-0.009999302895174644
3,0.12471189940493749
4,0.07058139033416527
5,-0.03177407500126295
6,0.08373347450763907
7,0.11194278450565467
8,-0.023837369368463923
9,0.030220306488203508
10,0.1326773265697334
11,0.017104516700681915
12,-0.011611262394680077
13,0.1233830893133866
14,0.06916523052492629
15,-0.03229145837028036
16,0.08486787088432202
17,0.11351379121829933
18,-0.023220580847756578
19,0.02940671410328166
20,0.1314232595964926
21,0.016229124835475228
22,-0.012656963446151415
23,0.12181679103367798
24,0.06776855245437863
25,-0.03382570552197378
26,0.08178600647909995
27,0.11076348083322743
28,-0.02216491717643565
29,0.03338153128660737
30,0.13413079282343643
31,0.01596468202775292
32,-0.014292106286443007
33,0.1203478883572548
34,0.0663421350254616
35,-0.03633916597403203
36,0.07899542657835723
37,0.10833171889823676
38,-0.02628335916146085
39,0.028263151675677278
40,0.13059490352860947
41,0.014073465654022677
42,-0.015595793307931372
43,0.1190834560998062
44,0.06512783961553181
45,-0.03655158250200946
46,0.080498797523601
47,0.11108597046118174
48,-0.023471297898305044
49,0.03008935252658429
50,0.13176173738297436
51,0.014624926590236398
52,-0.015747456979995023
53,0.11857449516707719
54,0.0643708325950979
55,-0.03775950881802059
56,0.07789969571320426
57,0.10659595215709258
58,-0.02786672817140834
59,0.026546971449252887
60,0.12732038329281936
61,0.010431648915031178
62,-0.018227414026405764
63,0.11711059314879546
64,0.06326950108364865
65,-0.03883457820866254
66,0.07707110601634631
67,0.10625014237701622
68,-0.028937455821854585
69,0.025101130109162928
70,0.12763592386543499
71,0.01109796577633615
72,-0.018984640919656903
73,0.11577681688551683
74,0.062036513978380614
75,-0.039397396025436515
76,0.07775823188668157
77,0.10753217029364623
78,-0.027530668141276915
79,0.026230091573000935
80,0.12729232108002464
81,0.009777674579196816
82,-0.020192268257981927
83,0.11471221300109224
84,0.061054259778378306
85,-0.039672682182242236
86,0.0777982217120251
87,0.10537901780582112
88,-0.032273568524330165
89,0.021685356418791102
90,0.12494340063253628
91,0.008964711591874897
92,-0.020905518645464305
93,0.11359641984536256
94,0.05964461219450301
95,-0.04236963031147356
96,0.07349900639252166
97,0.10239329779315962
98,-0.03306100183989508
99,0.02037683413763458
100,0.1222334413434879
101,0.006348370072780218
102,-0.02266037955719924
103,0.11229061009848113
104,0.058393935212615045
105,-0.04278402663212022
106,0.07456681471946425
107,0.10416437624524941
108,-0.03152644282486228
109,0.020968662448220043
110,0.1220648354319619
111,0.005865599384651365
112,-0.023431680064215754
113,0.11133238058280448
114,0.05725905142352483
115,-0.0444240779440791
116,0.0729921893154542
117,0.10423072966499564
118,-0.030132654590691532
119,0.022502569908268044
120,0.12328031570383235
121,0.0061524881912854434
122,-0.023964153222807316
123,0.11073112766684579
124,0.05678597376234884
125,-0.045697762183539714
126,0.06932971952427397
127,0.09762015593538398
128,-0.037012345906969
129,0.017966286335029946
130,0.12000556199542356
131,0.003548617916574126
132,-0.025596835495889758
133,0.10939675048522651
134,0.05542692763146373
135,-0.04664420596760238
136,0.06962869941677596
137,0.09971564189613469
138,-0.034703634601517985
139,0.019003880926329098
140,0.12084379782038457
141,0.003987823923028655
142,-0.02624951144667448
143,0.10837534544200367
144,0.05449950746840615
145,-0.04772275525501002
146,0.06754445895185973
147,0.09592148753799662
148,-0.03918234748877325
149,0.014829081088468588
150,0.11665580163290667
151,0.0007644831200174229
152,-0.027958847945154353
153,0.10719051944894498
154,0.05331322465435229
155,-0.047811483441375646
156,0.069285902969552
157,0.09857792362029871
158,-0.03666398003556415
159,0.015716826887206437
160,0.11600084932317756
161,-0.00010813294237899118
162,-0.028673793567032868
163,0.10653341138909683
164,0.052385095953736416
165,-0.0503444214283032
166,0.06527659037497818
167,0.0950354067633769
168,-0.03897635975550051
169,0.015201365024227309
170,0.11623790112567312
171,-0.0005967717870100642
172,-0.029762141701309863
173,0.10518504055447075
174,0.05118632862624439
175,-0.05103814396020839
176,0.06570208212856549
177,0.09600030114949926
178,-0.039788255506436165
179,0.01351009094065303
180,0.1163665743604364
181,0.000031414133180474035
182,-0.0302659084531251
183,0.1041382887649005
184,0.05014657924724364
185,-0.052531172380594626
186,0.06232039356892308
187,0.09170560993075016
188,-0.0414519617482928
189,0.014305338562856762
190,0.11636713390963282
191,-0.001414855066824372
192,-0.03193604396201599
193,0.10292224209516448
194,0.049447562076979534
195,-0.05161693632126113
196,0.06501119958093138
197,0.0935556998383209
198,-0.042150049430657976
199,0.01091004014285235
200,0.11202413086601659
201,-0.004138894756342104
202,-0.03300100063813155
203,0.10223525151485369
204,0.0484850353836882
205,-0.05260474306778068
206,0.06499350469108778
207,0.09408240776735421
208,-0.04276644449563921
209,0.010040343347139657
210,0.11230544794341624
211,-0.003659044785008281
212,-0.03318106525574349
213,0.10146620072026868
214,0.047351322514965655
215,-0.0546178328199583
216,0.06106987975431785
217,0.09018476951096094
218,-0.0441722061873463
219,0.008916272171093143
220,0.1096706104485663
221,-0.006199449073956587
222,-0.03480298089806588
223,0.10032027111123915
224,0.04630937155076553
225,-0.05502691735520593
226,0.06264347109071616
227,0.09237340021110313
228,-0.04409914812028759
229,0.00839556122010754
230,0.11050634459930075
231,-0.0054019788606639585
232,-0.0350574840595097
233,0.09943545749690452
234,0.04520588184601948
235,-0.05662288573662094
236,0.0606501808806465
237,0.09147794191947722
238,-0.042431004199193434
239,0.011101139452001196
240,0.11100518288861239
241,-0.0067682458627443265
242,-0.036174123312958106
243,0.0989137489302373
244,0.04483316776843205
245,-0.05677438941461771
246,0.05997368460626265
247,0.08841081892091524
248,-0.047451329994098734
249,0.006378731970926421
250,0.10809631373726192
251,-0.007947424912563505
252,-0.03676403203888723
253,0.09815383666199101
254,0.04378901768862309
255,-0.05785855981015553
0,0.05897120678823489
1,0.08712825558787596
2,-0.04919593847522785
3,0.004881856771611015
4,0.10740122506947702
5,-0.008308889670300856
6,-0.037343318195426356
7,0.09729648240856836
8,0.042812175236616845
9,-0.05993815084373938
10,0.0558590357001611
11,0.08645750132986096
12,-0.047380568918666655
13,0.005459565286817902
14,0.10643814639540283
15,-0.009527665893591497
16,-0.03857967504861115
17,0.09615459706471391
18,0.04175811165591714
19,-0.06029781497466058
20,0.05578397203242061
21,0.08368747950815048
22,-0.051567727250696194
23,0.004492584425365598
24,0.10740332233917887
25,-0.009680340213204575
26,-0.039725232130574106
27,0.09492217049293261
28,0.04092511732395898
29,-0.06126605811870656
30,0.0553421786844607
31,0.08574699549859988
32,-0.04905657306139388
33,0.0047154695771992605
34,0.1067960922604711
35,-0.0101463611785933
36,-0.04033316787997465
37,0.09440809637693015
38,0.04045876873322263
39,-0.06166684597934058
40,0.05429552303743038
41,0.08335782521064516
42,-0.05096449163698208
43,0.004405110647686006
44,0.10651547702154773
45,-0.011145243075110556
46,-0.041569802620372465
47,0.09320796257413311
48,0.03955111994104521
49,-0.06238720557108757
50,0.05346776099156053
51,0.08246988537317318
52,-0.053341638923934453
53,-0.0005075281791518949
54,0.10161382529295815
55,-0.013739641869507935
56,-0.04257816803484793
57,0.09243484903695953
58,0.03847677184165488
59,-0.06324389789486584
60,0.05381781444787914
61,0.08330418578560767
62,-0.05253244526739176
63,0.001786046430920507
64,0.10457569486271956
65,-0.012500922985675955
66,-0.042992142553773594
67,0.09154590299695647
68,0.037670429823339235
69,-0.06349839707095983
70,0.0539903731740182
71,0.08329477458873091
72,-0.05321567237875641
73,-0.0010936573587351228
74,0.09996466556346678
75,-0.015787808197381514
76,-0.044263965470036526
77,0.09093335917832829
78,0.036864430806533566
79,-0.06572618830030613
80,0.05006800951836593
81,0.08057455335087726
82,-0.0526297359323602
83,0.001524458019865893
84,0.1021663559319077
85,-0.01537648510959394
86,-0.04504126923980312
87,0.09008095942070493
88,0.036295906842612635
89,-0.06617569601515161
90,0.049240358947777896
91,0.07822183883386213
92,-0.056739897114889914
93,-0.0026442834619411215
94,0.09925618776974154
95,-0.017006950193612258
96,-0.04599597943984579
97,0.08920277298044199
98,0.03538476387721712
99,-0.06651163074957112
100,0.04920826672713427
101,0.07696070545859596
102,-0.05919522193079324
103,-0.004685716016582742
104,0.09854685133962837
105,-0.01718942209886465
106,-0.0466325248398074
107,0.08809061118688466
108,0.03414453654338767
109,-0.0674309263692267
110,0.04894111278516328
111,0.07742373107644218
112,-0.05750029882407348
113,-0.0026623664659906066
114,0.09856453364269491
115,-0.01872749659406947
116,-0.04802440458884638
117,0.08719823068486338
118,0.03349088338831874
119,-0.06862288371054875
120,0.04739699334820904
121,0.07742042316778996
122,-0.056144183859877184
123,-0.0009648401838397991
124,0.10083886514603724
125,-0.017468857530645088
126,-0.04857706964037012
127,0.08617539325753992
128,0.03284464045364377
129,-0.06849581125913456
130,0.048065045994815786
131,0.07792944712255162
132,-0.05629907442544224
133,-0.00232045423718108
134,0.09880821091454045
135,-0.0189404226377487
136,-0.04908536760485016
137,0.0863038541921875
138,0.03290374471850066
139,-0.06929580663446794
140,0.046876369435841836
141,0.07707946405396982
142,-0.05693019814194056
143,-0.002117443009174269
144,0.09934393946346204
145,-0.019182352812667836
146,-0.04989492219197578
147,0.08540382389711298
148,0.032317335160446214
149,-0.06905620438686744
150,0.047550359658539265
151,0.0760386920286939
152,-0.0613437157030462
153,-0.008725979245741367
154,0.09397346051650052
155,-0.02147398348409163
156,-0.050427332775373146
157,0.08492762488217664
158,0.031378907511412146
159,-0.06966067412862831
160,0.048210890448092236
161,0.07690037869367922
162,-0.060874989126031176
163,-0.007908145862705718
164,0.09437000686435759
165,-0.021888976414824624
166,-0.05103410491726923
167,0.08419515027832392
168,0.030423752963111728
169,-0.07197690407808821
170,0.04234162054167834
171,0.07013737456913938
172,-0.06463909145596647
173,-0.010923748232742891
174,0.09120819881077602
175,-0.02374025796204593
176,-0.05217541615833993
177,0.08302352996325446
178,0.029163395810654302
179,-0.0720483589078158
180,0.045868653429171014
181,0.07582955891947701
182,-0.06022750587927983
183,-0.007280537610301008
184,0.09410389530979824
185,-0.02281247237579903
186,-0.05252014590824505
187,0.08236118821049015
188,0.028446678068314024
189,-0.07381301734287715
190,0.041601923358291104
191,0.0700221866017916
192,-0.06548910720194623
193,-0.009987350311431054
194,0.09485959669616384
195,-0.0214839859099214
196,-0.0528805859465043
197,0.08116493433624761
198,0.027437865802816708
199,-0.073727282159182
200,0.04272689479041636
201,0.07089959486906444
202,-0.06525343923809501
203,-0.0105264451839574
204,0.09342448158446587
205,-0.023023300092297805
206,-0.05395216367916306
207,0.08056933855995674
208,0.02707705640537994
209,-0.07486612977714047
210,0.04102854546572843
211,0.07088267984490298
212,-0.06285423991993888
213,-0.008414499169477785
214,0.09243424642369552
215,-0.02549874050509293
216,-0.05551552291196499
217,0.07981083985445653
218,0.026650729351453517
219,-0.07484633123834511
220,0.04141279229872946
221,0.07072629150941628
222,-0.06457018451924545
223,-0.012046051533424751
224,0.08858606108753242
225,-0.027538484662643414
226,-0.05608001869108181
227,0.0793650365018127
228,0.02572582251065969
229,-0.07692291502520127
230,0.03786114687778497
231,0.06685883521934038
232,-0.06787935601286732
233,-0.014464261387706068
234,0.08715368848856969
235,-0.02835497147849325
236,-0.05665512246098303
237,0.078680047282354
238,0.024815423946651927
239,-0.07716489409333899
240,0.03912111900399423
241,0.06879535280152094
242,-0.06633689746926669
243,-0.013412119728266392
244,0.08789742649675503
245,-0.028283874910942197
246,-0.05748071321039827
247,0.07745901827032403
248,0.023707322915065165
249,-0.07755528861693411
250,0.040079494737194854
251,0.0702203999910554
252,-0.06571462321228894
253,-0.01331722582758088
254,0.08785695922240344
255,-0.02847694586296451
0,-0.057764585857363604
1,0.07703059842274501
2,0.023055208031107832
3,-0.07810435938290572
4,0.038807461715915814
5,0.06697324707182423
6,-0.06868331353697144
7,-0.014085496121690855
8,0.08772760427832571
9,-0.02897055974095386
10,-0.058406150676561075
11,0.07630793295481442
12,0.02227029423599247
13,-0.07989604372813991
14,0.03603323040022721
15,0.06560588399228956
16,-0.06814274060448139
17,-0.012728649919894086
18,0.08915967409958803
19,-0.02853553693173183
20,-0.058982028760170224
21,0.07559105289738877
22,0.021825134229669585
23,-0.07947410192244969
24,0.03715626440646835
25,0.06541075627240966
26,-0.07097625639100347
27,-0.017402318080966817
28,0.08494595614579326
29,-0.0305542036861553
30,-0.059452442706976194
31,0.07521107322104914
32,0.021030374334404023
33,-0.08017705768364991
34,0.037394961006855465
35,0.06789638945924686
36,-0.06602952177653787
37,-0.011242583131741202
38,0.09073829476337097
39,-0.02764069253295276
40,-0.05952767304481915
41,0.07455515942190083
42,0.02085184138433105
43,-0.08065768651646388
44,0.03611124964778922
45,0.06578538239865811
46,-0.06894277425173712
47,-0.014842322727722124
48,0.08628418067171456
49,-0.031019234729972422
50,-0.060471153847535375
51,0.07475351568800448
52,0.02098149117864412
53,-0.08007912552992064
54,0.03670275730364936
55,0.0640493279290178
56,-0.07234646995584043
57,-0.01753422451830322
58,0.08511245929090411
59,-0.03129220221599005
60,-0.06088368914819409
61,0.07391412164658517
62,0.020012559683297737
63,-0.08206470948317901
64,0.03435311909620048
65,0.0652241442380237
66,-0.06776765554702319
67,-0.013981031554910595
68,0.0856194693486162
69,-0.03230595385854096
70,-0.06161277807456528
71,0.07377056221607431
72,0.020056218179200447
73,-0.08182564384416346
74,0.03364479030453271
75,0.061585614403075306
76,-0.0733144632153509
77,-0.018164573183718224
78,0.08448655486833151
79,-0.031917207833841776
80,-0.061571305085286965
81,0.073265723080916
82,0.019371160509286778
83,-0.08268886890022337
84,0.03341304865237826
85,0.06319695528013797
86,-0.07129408995992248
87,-0.01827886688351077
88,0.08214209585514431
89,-0.03425520727930276
90,-0.06263543532127658
91,0.07305523716101947
92,0.019324145798798265
93,-0.08249147852893013
94,0.03423668880797681
95,0.06378969871303802
96,-0.0710253574472175
97,-0.016507320117434054
98,0.0853635920428929
99,-0.03220249269471509
100,-0.06258977410345218
101,0.07224430764075729
102,0.01851506012743742
103,-0.0826265579192132
104,0.035090217171406424
105,0.06520835705802397
106,-0.07089095506645338
107,-0.019610097339021304
108,0.08096825164057692
109,-0.03454081742477122
110,-0.06275686882216502
111,0.07263005140027234
112,0.018364112370965913
113,-0.08445925307430735
114,0.030915408823946333
115,0.05963002208247298
116,-0.07512011571408939
117,-0.01895946206989163
118,0.08501953875517682
119,-0.03211901370946363
120,-0.06304681050666483
121,0.07151818988401026
122,0.017666752246900175
123,-0.08483711321040077
124,0.030085323404179354
125,0.058755507310750466
126,-0.07630253866431391
127,-0.022271143200382593
128,0.08082513275794384
129,-0.034701818302331544
130,-0.06424988799177284
131,0.07063586393191695
132,0.01689162960837709
133,-0.08533759921393524
134,0.029961641213714973
135,0.058682991507724325
136,-0.07596133098457036
137,-0.021801987948484203
138,0.07958952374105915
139,-0.03683477536598212
140,-0.06559626715747752
141,0.06986619062643667
142,0.016296535501846843
143,-0.08545230327120745
144,0.03139021497397476
145,0.06213513870309445
146,-0.07252354314962867
147,-0.019950891789836667
148,0.08114601521372655
149,-0.035524268748231
150,-0.06530564340002493
151,0.0696206190820931
152,0.015932786008412525
153,-0.08597007777482879
154,0.030269848653564413
155,0.0597547682129248
156,-0.07604706858657684
157,-0.022778056593403262
158,0.08028231027405408
159,-0.035584864589473186
160,-0.06566343940712349
161,0.0690337839789189
162,0.015334735119214904
163,-0.08597374442302674
164,0.030513020296834004
165,0.05910543373509153
166,-0.07567346520499818
167,-0.021014491772603172
168,0.0801178270894839
169,-0.037305498326087205
170,-0.0667701479730094
171,0.06857902349420553
172,0.015130107907972978
173,-0.08649229506223999
174,0.030159846937468815
175,0.06027226826130855
176,-0.07507262520066948
177,-0.022446927574451103
178,0.07943916797144257
179,-0.036684758095264
180,-0.06633242340275958
181,0.06860564289908022