Frequency_Hz,Power
0.0,2.131765516937665e-06
0.5,1.382132272917067e-05
1.0,1.821719378892787e-05
1.5,1.13153497170037e-05
2.0,5.884954494040745e-06
2.5,2.769341932693656e-06
3.0,1.3383769285845452e-06
3.5,7.07490528261698e-07
4.0,5.405848966938905e-07
4.5,4.76221444065359e-07
5.0,3.864929159228129e-07
5.5,3.0106698028603115e-07
6.0,3.218161003795444e-07
6.5,3.1106947237096426e-07
7.0,2.1321396296607794e-07
7.5,1.2530723611741712e-07
8.0,1.108790459443432e-07
8.5,1.1125304920036162e-07
9.0,1.0469767570674932e-07
9.5,9.846741434111909e-08
10.0,9.786870538085484e-08
10.5,9.103406574612742e-08
11.0,8.68709346321659e-08
11.5,8.401399233575958e-08
12.0,7.218202385078944e-08
12.5,6.946279247207583e-08
13.0,6.313370171062005e-08
13.5,5.5412147774716024e-08
14.0,5.555554399722354e-08
14.5,5.4513592500359935e-08
15.0,4.648639850809332e-08
15.5,4.680861619332756e-08
16.0,4.5417425206705634e-08
16.5,6.832224489575537e-08
17.0,5.70414406655548e-08
17.5,3.8665219581538645e-08
18.0,4.275095200635118e-08
18.5,4.490082603611505e-08
19.0,4.217372845200296e-08
19.5,4.034369287783029e-08
20.0,3.8285310238439816e-08
20.5,3.5023274925961783e-08
21.0,2.9341367783621668e-08
21.5,2.7068195391867776e-08
22.0,2.813116479575112e-08
22.5,2.7228744273281088e-08
23.0,2.5696629744038382e-08
23.5,2.376701810016967e-08
24.0,2.4958778871436225e-08
24.5,2.5844085037558192e-08
25.0,2.2813676088528513e-08
25.5,2.017158325375519e-08
26.0,1.9542024329861237e-08
26.5,1.9343871150938366e-08
27.0,1.8731750166108705e-08
27.5,1.6480586558141353e-08
28.0,1.6820299931125022e-08
28.5,1.6277089907724254e-08
29.0,1.7820441313857684e-08
29.5,1.7342177581065513e-08
30.0,1.4028190685061652e-08
30.5,1.684693029134002e-08
31.0,1.7305193137199456e-08
31.5,1.6176323263692585e-08
32.0,1.3924459363958016e-08
32.5,1.302203501925172e-08
33.0,2.1143306842512052e-08
33.5,2.4540337272889668e-08
34.0,1.3951220639944808e-08
34.5,1.2324404456828585e-08
35.0,1.0623719683926259e-08
35.5,1.0707670667661443e-08
36.0,1.0598137386849665e-08
36.5,1.003624247966073e-08
37.0,9.56268482812302e-09
37.5,9.832927388794888e-09
38.0,1.0139473966714331e-08
38.5,9.92440260283111e-09
39.0,9.290942006647632e-09
39.5,9.225331120606372e-09
40.0,8.331148447821898e-09
40.5,7.127011225097373e-09
41.0,6.566276566526206e-09
41.5,5.7244949814260625e-09
42.0,5.6601513703631545e-09
42.5,6.562719746812811e-09
43.0,7.974060086536421e-09
43.5,8.470225027502352e-09
44.0,7.357398198475193e-09
44.5,6.133850497483715e-09
45.0,4.810949042905079e-09
45.5,4.586089528829942e-09
46.0,4.075297995058462e-09
46.5,4.918920693970997e-09
47.0,6.57331318707533e-09
47.5,9.482198078067551e-09
48.0,1.4202831329652627e-08
48.5,1.5830418195692852e-08
49.0,7.951457819625733e-09
49.5,1.4003488967343132e-09
50.0,1.0084747181401337e-10
50.5,6.792271741698279e-10
51.0,3.417861684487678e-09
51.5,6.296933906349245e-09
52.0,5.181479591051407e-09
52.5,2.4410167882262728e-09
53.0,9.157163413916464e-10
53.5,5.132022726783164e-10
54.0,4.151849836621681e-10
54.5,3.5466716022991846e-10
55.0,3.910485178609508e-10
55.5,3.7375740681467403e-10
56.0,3.202576265350115e-10
56.5,2.6266354131180356e-10
57.0,1.677441947527718e-10
57.5,1.08790951586231e-10
58.0,9.167238401334388e-11
58.5,6.518108687244204e-11
59.0,5.607378032057498e-11
59.5,5.858017361589676e-11
60.0,6.016833099925773e-11
60.5,3.740058763039019e-11
61.0,2.9879830177413514e-11
61.5,2.6976062864770454e-11
62.0,2.15220788624075e-11
62.5,2.1094042411089638e-11
63.0,1.9809235727366245e-11
63.5,1.5799193085765807e-11
64.0,1.2208511904122555e-11
64.5,1.1243611201604115e-11
65.0,9.39410704132459e-12
65.5,8.12433176523445e-12
66.0,8.429161149556335e-12
66.5,9.389736462178857e-12
67.0,7.377023654452623e-12
67.5,4.252504753881817e-12
68.0,3.0756714261801456e-12
68.5,2.7753542083206428e-12
69.0,2.6611774664493184e-12
69.5,2.136744139397387e-12
70.0,1.773986422572103e-12
70.5,1.7216498619908335e-12
71.0,1.4171631112915854e-12
71.5,1.2267000650977184e-12
72.0,1.046172199451991e-12
72.5,9.432465303580395e-13
73.0,8.671000847900193e-13
73.5,7.489845993702863e-13
74.0,5.975676787781619e-13
74.5,6.291439086072064e-13
75.0,4.845610067561046e-13
75.5,3.5578179128351205e-13
76.0,3.293857154595258e-13
76.5,3.194782669988042e-13
77.0,2.832340994910706e-13
77.5,2.722819272308896e-13
78.0,2.42578666082838e-13
78.5,2.1632967692545537e-13
79.0,2.1189122047525924e-13
79.5,1.5979172757022533e-13
80.0,1.3339437564767863e-13
80.5,1.1295174294293366e-13
81.0,9.179186604482535e-14
81.5,8.033287419671905e-14
82.0,7.029213715985509e-14
82.5,6.520182559781803e-14
83.0,7.658159435662872e-14
83.5,7.682194118263721e-14
84.0,5.106140891518254e-14
84.5,4.299230106445899e-14
85.0,3.3174486709318065e-14
85.5,2.83555439804254e-14
86.0,2.7099251680568246e-14
86.5,2.5633818820242105e-14
87.0,2.201197693693105e-14
87.5,1.9705516485844814e-14
88.0,1.637901500745602e-14
88.5,1.4606097353545972e-14
89.0,1.2482336957591568e-14
89.5,9.499946791463622e-15
90.0,8.48757582845532e-15
90.5,7.629726094607396e-15
91.0,8.294155641917453e-15
91.5,7.420747723345006e-15
92.0,5.422000315293988e-15
92.5,5.0549478304689946e-15
93.0,5.0166892758809304e-15
93.5,3.8407581547241685e-15
94.0,3.396717509332355e-15
94.5,2.6297998661307705e-15
95.0,2.3711912413869322e-15
95.5,2.471670151247617e-15
96.0,2.164914361411045e-15
96.5,1.9755765412778007e-15
97.0,1.8281554279526406e-15
97.5,1.6346597334556177e-15
98.0,1.2768757018874924e-15
98.5,1.3819077356664435e-15
99.0,1.965551528792433e-15
99.5,2.6371544913958813e-14
100.0,6.216511668113428e-14
100.5,1.0737439096757587e-14
101.0,9.027319811399194e-16
101.5,6.883317341855203e-16
102.0,6.022704458079894e-16
102.5,5.571905946369098e-16
103.0,4.764638833628811e-16
103.5,3.9817623734244104e-16
104.0,3.5373687567971014e-16
104.5,3.0262841582764445e-16
105.0,2.4667678365164387e-16
105.5,2.155624514961364e-16
106.0,1.9320262025777776e-16
106.5,1.6261076650526755e-16
107.0,1.3321023153670492e-16
107.5,1.0745008860732806e-16
108.0,9.03797163548391e-17
108.5,8.026812540711103e-17
109.0,7.812077200028645e-17
109.5,7.084575878954522e-17
110.0,6.245663899399438e-17
110.5,4.894759341023093e-17
111.0,4.556618057686751e-17
111.5,4.128686727676613e-17
112.0,3.6974366234177893e-17
112.5,3.7229607093202636e-17
113.0,3.2586075721614477e-17
113.5,2.7328217649547874e-17
114.0,2.3804314382513342e-17
114.5,1.8399920625054832e-17
115.0,1.5141706027017402e-17
115.5,1.153606827782067e-17
116.0,1.2600415476101678e-17
116.5,1.5867073445775415e-17
117.0,1.2878032086633865e-17
117.5,9.384906923924394e-18
118.0,9.217524104187896e-18
118.5,8.598556186288208e-18
119.0,6.915658357662932e-18
119.5,6.184911882896311e-18
120.0,5.7884687978765576e-18
120.5,4.836240517735202e-18
121.0,3.685122992252147e-18
121.5,3.4138050410359798e-18
122.0,3.2407067139980325e-18
122.5,2.731789372343118e-18
123.0,2.186013575397367e-18
123.5,2.28162140231678e-18
124.0,2.1366046830418953e-18
124.5,1.5997805438833802e-18
125.0,1.4423430262355759e-18
125.5,1.2383272991059267e-18
126.0,1.1595417162242687e-18
126.5,1.2206679664649944e-18
127.0,9.12694965418184e-19
127.5,9.578943973712163e-19
128.0,8.650966920957201e-19
128.5,7.235789832365902e-19
129.0,6.057043335332399e-19
129.5,5.581003556030075e-19
130.0,4.741693651951947e-19
130.5,4.177912889972588e-19
131.0,3.3554857767744533e-19
131.5,2.821094138395468e-19
132.0,2.4750444302363977e-19
132.5,2.2448172082917466e-19
133.0,2.3023928226287268e-19
133.5,2.3638948939848503e-19
134.0,1.7689267442961476e-19
134.5,1.4272786809022603e-19
135.0,1.3207931572375404e-19
135.5,1.3811050455002559e-19
136.0,1.0892694722492728e-19
136.5,9.884759231812203e-20
137.0,9.092396396958713e-20
137.5,8.095194168391669e-20
138.0,6.674424132104683e-20
138.5,6.091428495714704e-20
139.0,5.878257555542021e-20
139.5,5.2465928202053954e-20
140.0,4.777151522388429e-20
140.5,4.345283489751551e-20
141.0,3.072516886615264e-20
141.5,3.2209443154983465e-20
142.0,2.895817852389007e-20
142.5,2.5879649865716937e-20
143.0,2.239731905392012e-20
143.5,2.2282814166908257e-20
144.0,1.8981771715829468e-20
144.5,1.8910273267433988e-20
145.0,1.6099490360119418e-20
145.5,1.259796628824731e-20
146.0,1.3639878072421274e-20
146.5,1.373426574751372e-20
147.0,1.0837880907131962e-20
147.5,1.1257366270112865e-20
148.0,1.152947131515059e-20
148.5,2.004194975164624e-20
149.0,5.154223819495706e-20
149.5,1.4448424156506917e-18
150.0,2.7591022354722477e-18
150.5,3.641954619979782e-19
151.0,2.2411291610572952e-20
151.5,8.288898818250854e-21
152.0,6.599492809215151e-21
152.5,6.5333840311646484e-21
153.0,4.90266986911729e-21
153.5,4.9433109517802014e-21
154.0,5.3972193813162405e-21
154.5,4.497910945831057e-21
155.0,4.712018268443149e-21
155.5,4.525423858435174e-21
156.0,3.913590500446065e-21
156.5,4.509344175669973e-21
157.0,4.0599904288461424e-21
157.5,3.5463531921214916e-21
158.0,3.854426010784744e-21
158.5,3.6465250938730256e-21
159.0,3.400496314806149e-21
159.5,3.370597749853913e-21
160.0,3.359796466284057e-21
160.5,3.175275069840681e-21
161.0,3.1793859252585543e-21
161.5,3.0905295878130277e-21
162.0,2.884510283022615e-21
162.5,2.9443966825787195e-21
163.0,2.748184232620724e-21
163.5,2.8158101121877533e-21
164.0,2.666539201126102e-21
164.5,2.6029205939640944e-21
165.0,2.5476932644965416e-21
165.5,2.515677872866898e-21
166.0,2.39754159559025e-21
166.5,2.419585737669341e-21
167.0,2.3061520340403176e-21
167.5,2.2855921452621094e-21
168.0,2.2323133706389458e-21
168.5,2.1466146454877706e-21
169.0,2.1202791334101764e-21
169.5,2.10508451232121e-21
170.0,2.0138493167493397e-21
170.5,1.991904102809116e-21
171.0,1.9256204787926212e-21
171.5,1.913325371891616e-21
172.0,1.8617395858025568e-21
172.5,1.8025709009521557e-21
173.0,1.776966452330378e-21
173.5,1.737333449381864e-21
174.0,1.702225058377578e-21
174.5,1.6541905726968729e-21
175.0,1.634839850921884e-21
175.5,1.5842533927850917e-21
176.0,1.5484862127802476e-21
176.5,1.527283464028164e-21
177.0,1.4862214180096805e-21
177.5,1.456655258682416e-21
178.0,1.4198860480314014e-21
178.5,1.3933361232109198e-21
179.0,1.3576748242091154e-21
179.5,1.33418072345065e-21
180.0,1.301018363515847e-21
180.5,1.2737459224947411e-21
181.0,1.242850488929125e-21
181.5,1.2171794968987117e-21
182.0,1.1922925977806335e-21
182.5,1.1618933619687704e-21
183.0,1.1385446559832045e-21
183.5,1.1144280324572275e-21
184.0,1.0863020372626009e-21
184.5,1.0637806541155268e-21
185.0,1.040744979782337e-21
185.5,1.0149583211526e-21
186.0,9.949257302371067e-22
186.5,9.701230281327896e-22
187.0,9.50501532925108e-22
187.5,9.27585773512761e-22
188.0,9.057683343827103e-22
188.5,8.870257574367979e-22
189.0,8.651310155859313e-22
189.5,8.466391657853619e-22
190.0,8.262427928336141e-22
190.5,8.074242855021693e-22
191.0,7.891535149780585e-22
191.5,7.703054359307896e-22
192.0,7.52592428251628e-22
192.5,7.351822840124284e-22
193.0,7.175777562249874e-22
193.5,7.009270490575882e-22
194.0,6.844537048433755e-22
194.5,6.681063639271988e-22
195.0,6.5215021456094e-22
195.5,6.367721357317293e-22
196.0,6.211601763205099e-22
196.5,6.065467111453185e-22
197.0,5.916162524526637e-22
197.5,5.772882890248806e-22
198.0,5.632098998786272e-22
198.5,5.492763403972095e-22
199.0,5.35879730366428e-22
199.5,5.2252179664245305e-22
200.0,5.094499333965134e-22
200.5,4.968203492318061e-22
201.0,4.841303338294184e-22
201.5,4.719838728833498e-22
202.0,4.59935036248094e-22
202.5,4.481315413139385e-22
203.0,4.3658607954598265e-22
203.5,4.252858303293496e-22
204.0,4.1418740026382014e-22
204.5,4.0327803016658763e-22
205.0,3.926637716267481e-22
205.5,3.8220690111421046e-22
206.0,3.7196313698858857e-22
206.5,3.6193339510958684e-22
207.0,3.521190656893074e-22
207.5,3.4247490424575983e-22
208.0,3.3304674858607087e-22
208.5,3.2378917761275854e-22
209.0,3.1474279163788293e-22
209.5,3.058626813805564e-22
210.0,2.9716722384604544e-22
210.5,2.8865591423849433e-22
211.0,2.8031028492420337e-22
211.5,2.721400564911158e-22
212.0,2.6413784854874437e-22
212.5,2.563025071017975e-22
213.0,2.4862919077451335e-22
213.5,2.411138136739538e-22
214.0,2.3375866500667474e-22
214.5,2.265565211144727e-22
215.0,2.1950721608190154e-22
215.5,2.126073501850183e-22
216.0,2.0585576672556956e-22
216.5,1.992468426291175e-22
217.0,1.9278266696198802e-22
217.5,1.8645731964934052e-22
218.0,1.8027116489927128e-22
218.5,1.7421999605243448e-22
219.0,1.6830348589656168e-22
219.5,1.625183625384853e-22
220.0,1.5686256799842473e-22
220.5,1.513354643707607e-22
221.0,1.4593409467807448e-22
221.5,1.4065640613756868e-22
222.0,1.355013838828389e-22
222.5,1.3046678014860638e-22
223.0,1.2555115460899914e-22
223.5,1.2075252551488749e-22
224.0,1.1606944459459307e-22
224.5,1.115004266700533e-22
225.0,1.0704374533529177e-22
225.5,1.0269800441578416e-22
226.0,9.846173663346172e-23
226.5,9.43334908968254e-23
227.0,9.031193591863193e-23
227.5,8.639569920247681e-23
228.0,8.258347268367592e-23
228.5,7.887401136650108e-23
229.0,7.526607983106248e-23
229.5,7.175847227361396e-23
230.0,6.835004988231437e-23
230.5,6.503966982936937e-23
231.0,6.182625957815085e-23
231.5,5.870875152202272e-23
232.0,5.568613152808562e-23
232.5,5.275740485758938e-23
233.0,4.992161690965535e-23
233.5,4.717784059414083e-23
234.0,4.4525183034029416e-23
234.5,4.19627802627394e-23
235.0,3.9489800589098266e-23
235.5,3.710544001925408e-23
236.0,3.480892738255555e-23
236.5,3.2599518926236116e-23
237.0,3.0476499380971765e-23
237.5,2.843918554956237e-23
238.0,2.6486917793059317e-23
238.5,2.4619069145023167e-23
239.0,2.2835038836300687e-23
239.5,2.1134251935938257e-23
240.0,1.951616306910435e-23
240.5,1.798025325234047e-23
241.0,1.6526029769182925e-23
241.5,1.5153026759429114e-23
242.0,1.3860805419956387e-23
242.5,1.2648952137147972e-23
243.0,1.1517079973501034e-23
243.5,1.0464827239849094e-23
244.0,9.491858294884582e-24
244.5,8.59786269350335e-24
245.0,7.782555526638804e-24
245.5,7.045677092258648e-24
246.0,6.386992782312173e-24
246.5,5.80629283251344e-24
247.0,5.3033923459466145e-24
247.5,4.878131561489004e-24
248.0,4.530375027267158e-24
248.5,4.2600124200086105e-24
249.0,4.0669573255612254e-24
249.5,3.951148902538277e-24
250.0,1.95627509069691e-24
